{
  "scaling": {
    "scaler_type": "StandardScaler",
    "numerical_features": [
      "Final Price",
      "Max People",
      "Area_m2",
      "price_per_m2",
      "m2_per_person",
      "num_facilities",
      "has_luxury_keyword",
      "is_king",
      "is_queen",
      "is_double",
      "is_single",
      "is_bunk",
      "is_sofa",
      "has_wifi",
      "has_ac",
      "has_breakfast",
      "has_tv",
      "has_pool",
      "has_balcony",
      "has_parking",
      "has_kitchen",
      "has_fridge"
    ],
    "mean": [
      0.10344143988369629,
      0.3208273775195998,
      0.3322023335543261,
      0.04688349806721601,
      0.14548269062507357,
      0.45664924003566804,
      0.6264861683343143,
      0.08040023543260742,
      0.038610947616244846,
      0.7179517363154797,
      0.18552089464390817,
      0.006474396703943496,
      0.13372572101236022,
      0.7204237786933491,
      0.9473808122424956,
      0.00011771630370806356,
      0.8228369629193644,
      0.1279576221306651,
      0.3483225426721601,
      0.0,
      0.18681577398469687,
      0.6023543260741613
    ],
    "scale": [
      0.1650392154987546,
      0.23162835910478535,
      0.17257300924580318,
      0.06960345705196685,
      0.11796327454318982,
      0.3181680798811888,
      0.4837367561185562,
      0.27191181948379645,
      0.19266588265808882,
      0.44999671180695044,
      0.38871955481353404,
      0.08020273618314691,
      0.34035738944833355,
      0.4487909956611713,
      0.22327205117803015,
      0.010849075839900139,
      0.3818066203891716,
      0.33404261564855914,
      0.4764388197224921,
      1.0,
      0.38976357009755996,
      0.48941147507379135
    ]
  },
  "encoding": {
    "categorical_features": [],
    "encoders": {}
  },
  "data_info": {
    "train_samples": 8495,
    "val_samples": 1820,
    "total_features": 22,
    "target": "room_class",
    "target_classes": 6
  }
}